name,code,ide,sphere
"товариство з обмеженою відповідальністю ""бердичів""",408,408,408
"акціонерне товариство ""українська залізниця""",399,399,399
"приватне акціонерне товариство ""дтек павлоградвугілля""",367,367,367
"тов ""тандем""",209,209,209
підприємство облспоживспілки бердичівський міський кооперативний ринок,205,205,205
"новоград-волинський кооперативний ринок ""урожай""",199,199,199
"пск ""овруцький кооперативний  ринок""",198,198,198
черняхівський кооперативний ринок,197,197,197
чуднівський кооперативний ринок,191,191,191
"державне підприємство ""львіввугілля""",190,190,190
"товариство з обмеженою відповідальністю ""північний ринок""",186,186,186
"кп ""київтеплоенерго",163,163,163
олевський коперативний ринок райспоживспілки,144,144,144
"державне підприємство ""первомайськвугілля""",136,136,136
"публічне акціонерне товариство ""лисичанськвугілля""",128,128,128
"публічне акціонерне товариство ""арселорміттал кривий ріг""",127,127,127
"акціонерне товариство ""укрпошта""",123,123,123
"тзов ""любомль-ринок""",117,117,117
"пкрсс ""кооперативний ринок"",",115,115,115
"національний технічний університет україни ""київський політехнічний інститут імені ігоря сікорського""",113,113,113
"публічне акціонерне товариство ""криворізький залізорудний комбінат""",111,111,111
"тов ""ринок"" ринок ""хмільники""",111,111,111
"по ""малинський кооперативний ринок""",109,109,109
"товариство з обмеженою відповідальністю ""комфі трейд""",108,108,108
"товариство з обмеженою відповідальністю "" ринок""",107,107,107
"ринок ""київський"" тов ""ринок""",105,105,105
попільнянський кооперативний ринок,102,102,102
"товариство з обмеженою відповідальністю ""північна торгова компанія лтд""",98,98,98
ружинський кооперативний ринок,96,96,96
національний університет біоресурсів і природокористування україни,94,94,94
"по ""житомирський кооперативний ринок"" ринок ""житній""",93,93,93
"товариство з обмеженою відповідальністю ""володимир-волинський ринок""",87,87,87
"споживче товариство ""консолідоване нове""",75,75,75
"підприємство ""кооперативний ринок любарської районної спілки споживчих товариств""",68,68,68
"товариство з обмеженою відповідальністю ""атб-маркет""",68,68,68
хмельницький обласний центр зайнятості,66,66,66
"товариство з обмеженою відповідальністю ""сав-дістрибьюшн""",65,65,65
"публічне акціонерне товариство ""укртелеком""",65,65,65
"товариство з обмеженою відповідальністю торгівельна база ""будматеріали""",65,65,65
володарсько- волинський кооперативний ринок,62,62,62
"підприємство споживчої кооперації ""ринок брусилівського райспоживтовариства""",62,62,62
"акціонерне товариство ""укргазвидобування""",61,61,61
"приватне підприємство ""західний буг - 2 """,60,60,60
"тов ""нова пошта""",60,60,60
"товариство з обмеженою відповідальністю ""сітісервіс-кр""",60,60,60
"кп ""коломийський центральний продовольчий ринок""",59,59,59
"сільськогосподарське товариство з обмеженою відповідальністю ""нива """,59,59,59
"товариство з обмеженою відповідальністю """"ринок плюс""",59,59,59
"товариство з обмеженою відповідальністю ""нова пошта""",58,58,58
олевський кооперативний ринок райспоживспілки,58,58,58
"споживче товариство ""нововолинський ринок""",57,57,57
"товариство з обмеженою відповідальністю ""ковельський госпрозрахунковий ринок""",57,57,57
"приватне підприємство ""успіх""",56,56,56
"тов ""розетка. уа""",56,56,56
"дочірнє підприємство ""центральний ринок міста сєвєродонецька"" луганської обласної спілки споживчих товариств",56,56,56
"пр  ""баранівський ринок""",55,55,55
"публічне акціонерне товариство ""укpнaфта""",54,54,54
"товариство з обмеженою відповідальністю ""епіцентр к""",54,54,54
білоцерківський національний аграрний університет,53,53,53
"товариство з обмеженою відповідальністю ""алло""",53,53,53
"товариство з обмеженою відповідальністю ""дтек добропіллявугілля""",53,53,53
"товариство з обмеженою відповідальністю ""троянда """,52,52,52
"товариство з обмеженою відповідальністю ""краматорський ринок""",52,52,52
київський національний університет імені тараса шевченка,52,52,52
"дочірнє підприємство ""лисичанський ринок"" луганської обласної спілки споживчих товариств",51,51,51
"дочірнє підприємство ""рубіжанський ринок"" луганської обласної спілки споживчих товариств",51,51,51
"товариство з обмеженою відповідальністю ""нововолинський госпрозрахунковий ринок""",50,50,50
"товариство з обмеженою відповідальністю ""вест петрол маркет""",50,50,50
"селянське (фермерське) господарство ""мрія""",50,50,50
"товариство з обмеженою відповідальністю ""комфорт""",50,50,50
"сільськогосподарське товариство з обмеженою відповідальністю "" україна """,50,50,50
національний авіаційний університет,50,50,50
"тов ""промінь-с""",49,49,49
"державне підприємство ""національна атомна енергогенеруюча компанія ""енергоатом""",48,48,48
"товариство з обмеженою відповідальністю ""прогрес .""",47,47,47
"товариство з обмеженою відповідальністю ""дієса""",47,47,47
"тов ""сав-дістрибьюшн""",47,47,47
"приватне підприємство ""сєвєродонецький ринок злагода""",47,47,47
"підприємство ""кооперативний ринок"" кіровоградської обласної спілки споживчих товариств (облспоживспілки)",46,46,46
"кп ""ринок""",46,46,46
"товариство з обмеженою відповідальністю ""бучачагрохлібпром""",45,45,45
"сільськогосподарське товариство з обмеженою відповідальністю "" надія """,45,45,45
"товариство з обмеженою відповідальністю ""сільпо-фуд""",44,44,44
"пат ""укртелеком""",44,44,44
"мале приватне підприємство фірма ""ерідон""",44,44,44
"приватне акціонерне товариство ""суха балка""",44,44,44
"фермерське господарство "" надія """,44,44,44
департамент освіти та науки івано-франківської міської ради,43,43,43
"товариство з обмеженою відповідальністю ""ринок міста старобільськ""",43,43,43
"приватне акціонерне товариство ""металургійний комбінат ""азовсталь""",41,41,41
миколаївський обласний центр зайнятості,41,41,41
"державне підприємство ""східний гірничо-збагачувальний комбінат""",40,40,40
"підприємство з іноземними інвестиціями ""амік україна""",40,40,40
"акціонерне товариство ""лисичанськвугілля""",40,40,40
"товариство з обмеженою відповідальністю ""ринок універсальний""",40,40,40
"приватне підприємство ""кіровоград-буд-дизайн""",40,40,40
регіональна філія «південно-західна залізниця» ат «українська залізниця»,38,38,38
"сільськогосподарське товариство з обмеженою відповідальністю "" промінь """,38,38,38
"товариство з обмеженою відповідальністю "" хлібодар""",38,38,38
"фермерське господарство "" вікторія """,38,38,38
"сільськогосподарське товариство з обмеженою відповідальністю "" лан """,38,38,38
"""сватівський ринок""",37,37,37
"дочірнє підприємство ""кремінський ринок"" луганської обласної спілки споживчих товариств",37,37,37
"підприємство облспоживспілки ""коростенський кооперативний ринок""",37,37,37
"сільськогосподарське товариство з обмеженою відповідальністю "" зоря """,37,37,37
"приватне підприємство ""бізон -тех 2006""",37,37,37
"прсс ""кооперативний ринок""",37,37,37
"агропродовольчий ринок ""завокзальний ринок"" волинської обласної спілки споживчих товариств",37,37,37
"товариство з обмеженою відповідальністю ""господар""",36,36,36
"ринок ""мрія""",36,36,36
чернігівський обласний центр зайнятості,36,36,36
"підприємство ""романівський кооперативний ринок"" романівської  райспоживспілки",36,36,36
агропродовольчий ринок рожищенської районної спілки споживчих товариств,35,35,35
"товариство з обмеженою відповідальністю ""шофар""",35,35,35
"відділ культури, молоді та спорту мукачівської районної державної адміністрації",35,35,35
"міське підприємство ""сватівський міський ринок""",35,35,35
"товариство з обмеженою відповідальністю ""колос""",35,35,35
"товариство з обмеженою відповідальністю ""радехівська пмк-188""",35,35,35
"товариство з додатковою відповідальністю ""рівнефармація""",35,35,35
"приватне акціонерне товариство ""украгро нпк""",35,35,35
"агропродовольчий ринок  пп ""торговий альянс"" ринок ""північний""",34,34,34
"кп ""іршанське комунальне підприємство""",34,34,34
"підприємство райспоживспілки ""ринок""",34,34,34
"комунальне підприємство ""бердянськводоканал"" бердянської міської ради",34,34,34
народний дім,34,34,34
"ст ""автомобіліст""",34,34,34
"комунальне підприємство обухівської міської ради ""обухівський ринок""",34,34,34
"товариство з обмеженою відповідальністю ""запорізький титано-магнієвий комбінат""",33,33,33
"ринок ""городоцька райспоживспілка""",33,33,33
"тзов ""ринок - сервіс""",33,33,33
"селянське (фермерське) господарство  ""лан""",33,33,33
київський національний торговельно-економічний університет,33,33,33
підприємство споживчої кооперації ринок надвірнянського районного споживчого товариства,32,32,32
"сільськогосподарське товариство з обмеженою відповідальністю "" обрій """,32,32,32
"дп  "" ринок міста попасна ""  луганської обласної спілки споживчих товариств",32,32,32
київський міський центр зайнятості,32,32,32
"селянське ( фермерське ) господарство ""промінь""",31,31,31
відділ культури олевської міської ради,31,31,31
"акціонерне товариство ""укртрансгаз""",31,31,31
"тов ""євро-реконструкція""",31,31,31
"сільськогосподарське товариство з обмеженою відповідальністю "" колос """,31,31,31
"товариство з обмеженою відповідальністю ""україна""",31,31,31
"приватне підприємство приватне сільськогосподарське підприємство ""дружба""",31,31,31
"товариство з обмеженою відповідальністю "" нива """,31,31,31
"фермерське господарство "" нива""",31,31,31
відділ культури та туризму  чемеровецької селищної ради,31,31,31
"приватне акціонерне товариство ""галнафтохім",31,31,31
"товариство з обмеженою відповідальністю ""фортуна""",30,30,30
"сільськогосподарське товариство з обмеженою відповідальністю "" перемога """,30,30,30
"товариство з обмеженою відповідальністю "" маяк """,30,30,30
"дочірнє підприємство ""кремінське комгосподарство"" комунального підприємства ""кремінна-комунсервіс""",30,30,30
"селянське (фермерське) господарство "" колос """,30,30,30
"сільськогосподарське товариство з обмеженою відповідальністю "" світанок """,29,29,29
"підприємство споживчої кооперації ""кооперативний ринок"" андрушівської райспоживспілки",29,29,29
"комунальне підприємство ""щастинський продторг""",29,29,29
"державне спеціалізоване підприємство ""центральне підприємство з поводження з радіоактивними відходами""",29,29,29
"відділ культури, молоді та спорту тарутинської районної державної адміністрації одеської області",29,29,29
"пп""торговиця",29,29,29
"приватне сільськогосподарське підприємство ""україна """,29,29,29
"ринок ""привокзальний"" приватного багатопрофільного підприємства ""захар""",29,29,29
"тов ""нрп""",29,29,29
"сільськогосподарське товариство з обмеженою відповідальністю "" дружба""",29,29,29
"товариство з обмеженою відповідальністю сільськогосподарське підприємство ""нібулон""",28,28,28
"тов ""комфі трейд """,28,28,28
"державне підприємство ""адміністрація морських портів україни""",28,28,28
"товариство з обмеженою відповідальністю "" світанок """,28,28,28
"комунальне некомерційне підприємство ""іршавська районна лікарня"" іршавської районної ради закарпатської області",28,28,28
"тов ""епіцентр к""",28,28,28
"комунальне підприємство ""компанія ""вода донбасу""",28,28,28
"агропродовольчий ринок ""локачинське районне споживче товариство """,28,28,28
"агропродовольчий ринок ""лучеськ"" пп ""торговий альянс""",28,28,28
"селянське (фермерське) господарство "" надія """,28,28,28
ратнівське споживче товариство ( ратнівське ст),27,27,27
"селянське (фермерське ) господарство "" вікторія """,27,27,27
"комунальне підприємство ""червоненський селищний ринок""",27,27,27
"комунальне підприємство ""харківводоканал""",27,27,27
"товариство з обмеженою відповідальністю ""торговий центр ""айдар""",27,27,27
"сільськогосподарське товариство з обмеженою відповідальністю "" злагода """,27,27,27
"приватне акціонерне товариство ""шахтоуправління ""покровське""",27,27,27
"товариство з обмеженою відповідальністю ""альянс""",27,27,27
"товариство з обмеженою відповідальністю  ""лтз""",27,27,27
"дочірнє підприємство ""кооперативний ринок"" червоноармійського районного споживчого товариства",27,27,27
"акціонерне товариство ""дтек західенерго""",27,27,27
"товариство з обмеженою відповідальністю ""відродження""",27,27,27
"сільськогосподарське товариство з обмеженою відповідальністю "" маяк """,27,27,27
"комунальне підприємство ""карпати""",27,27,27
"товариство з обмеженою відповідальністю ""конверс лінкс""",27,27,27
"товариство з обмеженою відповідальністю  ""надія""",27,27,27
"товариство з обмеженою відповідальністю ""ін-тайм""",27,27,27
"товариство з обмеженою відповідальністю  "" дружба """,26,26,26
"товариство з обмеженою відповідальністю ""тиара""",26,26,26
"виробничий кооператив сільськогосподарський виробничий кооператив ""дружба""",26,26,26
"тск ""пасаж""",26,26,26
"комунальне підприємство ""добробут"" корецької міської ради""",26,26,26
"селянське (фермерське) господарство ""світанок""",26,26,26
"товариство з обмеженою відповідальністю ""перемога""",26,26,26
"товариство з обмеженою відповідальністю ""євро смарт пауер""",26,26,26
"відділ культури, національностей, релігій, молоді та спорту іванківської районної державної адміністрації",26,26,26
київський національний університет будівництва і архітектури,26,26,26
херсонський обласний центр зайнятості,26,26,26
"фермерське господарство "" колос """,26,26,26
"фермерське господарство "" світанок """,26,26,26
відділ розвитку культури та туризму куяльницької сільської ради подільського району одеської області,26,26,26
"кп ""немирівський ринок"" немирівської рсс",25,25,25
судилківська сільська рада,25,25,25
"агропродовольчий ринок пп ""виробничо комерційна фірма ""домінанта"" тк ""пасаж""",25,25,25
"підприємство споживчої кооперації ""підприємство райспоживспілки ""кооперативний ринок"" смт ємільчине""",25,25,25
"підриємство ""романівський кооперативний ринок"" романівської райспоживспілки",25,25,25
"агропродовольчий ринок ""центральний ринок"" волинської обласної спілки споживчих товариств",25,25,25
"акціонерне товариство ""державна продовольчо-зернова корпорація україни""",25,25,25
"товариство з обмеженою відповідальністю ""рівненський ринок""",25,25,25
"тов ""дієса""",25,25,25
"тов ""тпф авс-цитрус""",25,25,25
"споживче товариство ""лубенський ринок""",25,25,25
районний відділ культури переяслав-хмельницької райдержадміністрації,25,25,25
"національний університет ""львівська політехніка""",25,25,25
"відділ культури, молоді та спорту ямпільської районної державної адміністрації вінницької області",25,25,25
"сільськогосподарське товариство з обмеженою відповідальністю ""прогрес""",25,25,25
"тов ""ринок""",25,25,25
ст « центральниий ринок» ( критий ринок),24,24,24
"акціонерне товариство ""марганецький гірничо-збагачувальний комбінат""",24,24,24
"тов ""бізнес-про""",24,24,24
"товариство з обмеженою відповідальністю ""еко""",24,24,24
яготинський ринок київської регіональної спілки споживчої кооперації,24,24,24
"комунальне некомерційне підприємство харківської обласної ради ""центр екстреної медичної допомоги та медицини катастроф""",24,24,24
"товариство з обмеженою відповідальністю ""інтергеоком""",24,24,24
"державне підприємство ""іванківське лісове господарство""",24,24,24
"приватне акціонерне товариство ""вищий навчальний заклад ""міжрегіональна академія управління персоналом""",24,24,24
"державне підприємство ""жовтневе лісове господарство""",24,24,24
"товариство з обмеженою відповідальністю ""бадьорість""",24,24,24
"товариство з обмеженою відповідальністю ""торговий дім ""міст експрес""",24,24,24
"публічне акціонерне товариство ""мотор січ""",23,23,23
"комунальне підприємство ""харківські теплові мережі""",23,23,23
"приватне сільськогосподарське підприємство "" маяк""",23,23,23
"споживче товариство ""привокзальне""",23,23,23
"тк ""вишенька""",23,23,23
"товариство з обмеженою відповідальністю ""украгроком""",23,23,23
"споживче товариство ""міськкоопринокторг""",23,23,23
снятинське споживче товариство,23,23,23
"""селянське (фермерське) господарство ""відродження""",23,23,23
"державне комунальне підприємство ринок ""лазурний""",23,23,23
"приватне підприємство ""фенікс!""",23,23,23
"виробничий сільськогосподарський кооператив ""зоря""",23,23,23
"дочірне підприємство ""миропільський ринок""",23,23,23
тячівське управління  соціального захисту населення тячівської районної державної адміністрації,23,23,23
"товариство з обмеженою відповідальністю "" зоря """,23,23,23
"тов ""алло""",23,23,23
"комунальне підприємство ""милосердя""",22,22,22
"товариство з обмеженою відповідальністю ""привокзальний ринок""",22,22,22
"державна установа ""центр охорони здоров'я державної кримінально-виконавчої служби україни""",22,22,22
"товариство з обмеженою відповідальністю ""глуско рітейл""",22,22,22
"ринок ""урожай""",22,22,22
"товариство з обмеженою відповідальністю ""подільська промислово - торговельна корпорація ""подолпромторг""",22,22,22
"селянське (фермерське) господарство  ""зоря""",22,22,22
"тов ""укс колосок""",22,22,22
"споживче товариство ""калинівський ринок""",22,22,22
"державне підприємство ""укрхімтрансаміак""",22,22,22
"комунальне некомерційне підприємство ""одеський обласний центр екстреної медичної допомоги і медицини катастроф"" одеської обласної ради""",22,22,22
"товариство з обмеженою відповідальністю ""торгівельний комплекс ""ринок західний""",22,22,22
"комунальне підприємство ""ринково-побутові послуги"" міської ради міста кропивницького""",22,22,22
"товариство з обмеженою відповідальністю ""альваід""",22,22,22
управління соціального захисту населення ківерцівської районної державної адміністрації,22,22,22
"приватне акціонерне товариство ""сільськогосподарська виробнича фірма ""агротон""",22,22,22
києво-святошинський ринок київської обспоживспілки,22,22,22
"комунальне підприємство  ""кривбасводоканал""",22,22,22
"акціонерне товариство ""державний ощадний банк україни""",22,22,22
департамент праці та соціального захисту населення миколаївської міської ради,22,22,22
"товариство з обмеженою відповідальністю ""місто для людей запоріжжя""",22,22,22
"приватне сільськогосподарське підприємство ""обрій """,22,22,22
"товариство з обмеженою відповідальністю ""домініон-к""",22,22,22
"пп ""енергосервіс-плюс""",21,21,21
східноєвропейський національний університет імені лесі українки,21,21,21
"тов ""торг""",21,21,21
"комунальне підприємство ""марківський ринок""",21,21,21
"""заболотівський комунальний ринок""",21,21,21
"державне підприємство ""конярство україни""",21,21,21
"акціонерне товариство ""запорізький завод феросплавів""",21,21,21
"ринок ""центральний""",21,21,21
"товариство з обмеженою відповідальністю ""альянс холдинг""",21,21,21
ат «українська залізниця» регіональна філія «одеська залізниця» виробничий підрозділ «моторвагонне депо христинівка»,21,21,21
"національний технічний університет ""харківський політехнічний інститут""",21,21,21
"дочірнє підприємство ""чернігівський облавтодор"" відкритого акціонерного товариства ""державна акціонерна компанія ""автомобільні дороги україни""",21,21,21
"тк ""ринок привокзальний,2""",21,21,21
"приватне підприємство ""моноліт""",21,21,21
"товариство з обмеженою відповідальністю торгівельна компанія ""полісся - продукт""",21,21,21
баранівська міська рада,21,21,21
"ринок товариства з обмеженою відповідальністю ""айсберг""",21,21,21
"комунальне підприємство "" водоканал """,21,21,21
"товариство з обмеженою відповідальністю ""інвестбудгаличина""",21,21,21
"світловодське міське комунальне підприємство ""комбінат комунальних послуг""",21,21,21
"товариство з обмеженою відповідальністю  "" промінь """,21,21,21
харківський національний технічний університет сільського господарства імені петра василенка,21,21,21
"товариство з обмеженою відповідальністю ""торговий дім ""ар""",21,21,21
"приватне акціонерне товариство ""судноплавна компанія ""укррічфлот""",21,21,21
"державне підприємство ""димерське лісове господарство""",20,20,20
"державне підприємство ""ізюмське лісове господарство""",20,20,20
"акціонерне товариство ""оператор газорозподільної системи ""івано-франківськгаз""",20,20,20
"приватне мале багатопрофільне підприємство ""грюн-гол""",20,20,20
"селянське ( фермерське ) господарство "" обрій """,20,20,20
"товариство з обмеженою відповідальністю ""фора""",20,20,20
"фермерське господарство ""лан""",20,20,20
"комунальне підприємство ""київпастранс""",20,20,20
"комунальний заклад бориспільської районної ради київської області ""бориспільський районний будинок культури""",20,20,20
"акціонерне товариство ""чернігівобленерго""",20,20,20
"державне підприємство ""брустурянське лісомисливське господарство""",20,20,20
"товариство з обмеженою відповідальністю ""метро кеш енд кері україна""",20,20,20
"селянське ( фермерське ) господарство "" еліта """,20,20,20
"підприємство споживчої кооперації ""ставищенський ринок київської облспоживспілки""",20,20,20
"тов ""пмрсс ""центральний ринок""",20,20,20
"товариство з обмеженою відповідальністю ""борщівський ринок""",20,20,20
"акціонерне товариство ""оператор газорозподільної системи ""миколаївгаз""",20,20,20
"державне підприємство ""клавдієвське лісове господарство""",20,20,20
"комунальне некомерційне підприємство""обласний центр екстреної медичної допомоги та медицини катастроф черкаської обласної ради""",20,20,20
"тов ""лікос""",20,20,20
колективне підприємство  болехівський ринок,20,20,20
"акціонерне товариство ""облтеплокомуненерго""",19,19,19
"акціонерне товариство ""оператор газорозподільної системи ""чернігівгаз""",19,19,19
"іллінецька районна спілка споживчих товариств ""райспоживспілка""",19,19,19
"сільськогосподарське товариство з обмеженою відповідальністю ""агрофірма ""нива""",19,19,19
"приватне акціонерне товариство ""київобленерго""",19,19,19
"""соколівська сільська рада""",19,19,19
управління освіти виконавчого комітету рівненської міської ради,19,19,19
"товариство з обмеженою відповідальністю  ""будівельник""",19,19,19
"селянське (фермерське) господарство ""україна""",19,19,19
чортківський госпрозрахунковий ринок чортківського районногоспоживчого товариства,19,19,19
"товариство з обмеженою відповідальністю "" мрія """,19,19,19
"товариство з обмеженою відповідальністю ""фірма авм ""віва ун""",19,19,19
"приватне акціонерне товариство ""маріупольський металургійний комбінат  імені ілліча""",19,19,19
сумський державний університет,19,19,19
"підприємство ""жовківський  ринок"" жовківської райспоживспілки (ринок)",19,19,19
"державне підприємство ""ніжинське лісове господарство""",19,19,19
"товариство з обмеженою відповідальністю ""оберіг бц""",19,19,19
"фермерське господарство ""мрія""",19,19,19
управління  соціального захисту населення тлумацької районної державної адміністрації,19,19,19
підприємство споживчої кооперації богуславський ринок київської регіональної спілки споживчої кооперації,19,19,19
"""міловське житлово-комунальне підприємство""",19,19,19
підприємство споживчої кооперації кагарлицький ринок київської регіональної спілки споживчої кооперації,19,19,19
"селянське ( фермерське )господарство ""дружба""",19,19,19
управління  соціального захисту населення врадіївської районної державної адміністрації миколаївської області,19,19,19
"тов  ваф ""нба""",19,19,19
"ат ""укрпошта""",19,19,19
"селянське (фермерське ) господарство ""урожай""",19,19,19
"пп ""виробничо-комерційна фірма ""домінанта""",19,19,19
миколаївський національний аграрний університет,19,19,19
"товариство з обмеженою відповідальністю ""ринок сільськогосподарської продукції ""столичний""",18,18,18
голованівський ліцей ім. т.г. шевченка голованівської районної  ради,18,18,18
"тов ""джоін ап!""",18,18,18
"комунальне підприємство ""новомиргородський міський ринок""",18,18,18
"приватне сільськогосподарське підприємство "" колос """,18,18,18
"товариство з обмеженою відповідальністю ""вектор 2002""",18,18,18
"тзов мп ""ринок""",18,18,18
"державне підприємство ""добрянське лісове господарство""",18,18,18
"відділ культури, молоді та спорту богуславської районної державної адміністрації",18,18,18
"товариство з обмеженою відповідальністю ""ринок - гостомель""",18,18,18
"державне підприємство ""київське лісове господарство""",18,18,18
управління  соціального захисту населення ратнівської районної державної адміністрації,18,18,18
"відділ культури, молоді та спорту кагарлицької районної державної адміністрації",18,18,18
"комунальне підприємство ""олександрійський центральний ринок""",18,18,18
"сільськогосподарське товариство з обмеженою відповідальністю ""мрія """,18,18,18
узинський ринок київської регіональної спілки споживчої кооперації,18,18,18
семенівська сільська рада,18,18,18
"приватне підприємство ""торгово-промисловий комплекс""",18,18,18
"селянське (фермерське) господарство ""перлина""",18,18,18
криворізький національний університет,18,18,18
"обласне комунальне виробниче підприємство ""дніпро-кіровоград""",18,18,18
"приватне акціонерне товариство ""сєвєродонецьке об'єднання азот""",18,18,18
"пбп ""захар"" ринок ""привокзальний""",18,18,18
сумський національний аграрний університет,18,18,18
"товариство з обмеженою відповідальністю ""п'ятидні""",18,18,18
"сільськогосподарське товариство з обмеженою відповідальністю ""відродження """,18,18,18
"пп ""торговий центр-д""",18,18,18
"акціонерне товариство ""житомиробленерго""",18,18,18
"товариство з обмеженою відповідальністю ""малікс - мєд""",18,18,18
"пп рсст ""пирятинський ринок""",18,18,18
"товариство з обмеженою відповідальністю ""-агро сервіс-""",18,18,18
"фермерське господарство ""степ +""",18,18,18
"товариство з обмеженою відповідальністю ""технополіс-1""",18,18,18
"селянське (фермерське) господарство ""світлана""",18,18,18
"підприємство ""фастівський ринок"" київської регіональної спілки споживчої кооперації",18,18,18
"державне підприємство спиртової та лікеро-горілчаної промисловості ""укрспирт""",18,18,18
козелецька селищна рада,18,18,18
"товариство з обмеженою відповідальністю ""великокісницьке""",18,18,18
ічнянська міська рада,18,18,18
"фермерське господарство  ""промінь""",18,18,18
"товариство з обмеженою відповідальністю ""оператор газотранспортної системи україни""",17,17,17
"сектор культури, молоді та спорту районної державної адміністрації",17,17,17
"державне підприємство ""ківерцівське лісове господарство""",17,17,17
"товариство з обмеженою відповідальністю ""сіверь""",17,17,17
відділ культури радомишльської міської ради житомирської області,17,17,17
"тов ""концерт юа""",17,17,17
"акціонерне товариство ""оператор газорозподільної системи ""криворіжгаз""",17,17,17
"сільськогосподарське товариство з обмеженою відповідальністю ""придніпровський край""",17,17,17
"селянське (фермерське) господарство ""пролісок""",17,17,17
"сільськогосподарський виробничий кооператив ""маяк""",17,17,17
"державне підприємство ""богуславське лісове господарство""",17,17,17
"державне підприємство ""білоцерківське лісове господарство""",17,17,17
"публічне акціонерне товариство ""запорізький металургійний комбінат ""запоріжсталь""",17,17,17
управління соціального захисту населення любешівської районної державної адміністрації,17,17,17
"селянське ( фермерське ) господарство "" нива """,17,17,17
"товариство з обмеженою відповідальністю ""гіппо""",17,17,17
"державне підприємство ""великобичківське лісомисливське господарство""",17,17,17
"відділ культури, молоді та спорту радехівської районної державної адміністрації львівської  області",17,17,17
"приватне акціонерне товариство ""електрометалургійний завод ""дніпроспецсталь"" ім. а.м. кузьміна""",17,17,17
харківський національний університет імені в.н. каразіна,17,17,17
"приватне акціонерне товариство ""нова лінія""",17,17,17
"товариство з обмеженою відповідальністю виробничо-будівельна фірма ""монолітбуд""",17,17,17
"комунальне підприємство кагарлицької міської ради ""кагарлицький міський ринок""",17,17,17
"товариство з обмеженою відповідальністю ""вересень плюс""",17,17,17
"приватне сільськогосподарське підприємство "" мир """,17,17,17
"товариство з обмеженою відповідальністю ""житлосервіс-кр""",17,17,17
"товариство з обмеженою відповідальністю "" деметра""",17,17,17
"товариство з обмеженою відповідальністю "" лан """,17,17,17
"споживче товариство ""господар 1""",17,17,17
"сільськогосподарське товариство з обмеженою відповідальністю "" авангард""",17,17,17
одеська національна академія харчових технологій,17,17,17
"підприємство споживчої кооперації ""сквирський ринок"" київської регіональної спілки споживчої кооперації",17,17,17
"підприємство споживчої кооперації ""таращанський ринок"" київської регіональної спілки споживчої кооперації",17,17,17
управління праці та соціального захисту населення городенківської районної державної адміністрації,17,17,17
"акціонерне товариство ""дтек дніпроенерго""",17,17,17
"товариство з обмеженою відповідальністю ""слав-сервіс""  ""слов'янський центральний ринок""",17,17,17
ринок козівського районного споживчого товариства,17,17,17
"""рокитнянський ринок"" київської регіональної спілки споживчої кооперації",17,17,17
чернівецький обласний центр зайнятості,17,17,17
"міське комунальне підприємство ""миколаївводоканал""",17,17,17
"державне спеціалізоване підприємство ""чорнобильська аес""",17,17,17
"товариство з обмеженою відповідальністю "" обрій """,17,17,17
"товариство з обмеженою відповідальністю ""агрохімсервіс""",17,17,17
управління праці та соціального захисту населення  хмельницької міської ради,17,17,17
"фермерське господарство  ""пролісок""",16,16,16
"товариство з обмеженою відповідальністю ""кооператор-сервіс""",16,16,16
"сектор культури, молоді та спорту миронівської районної державної адміністрації",16,16,16
"приватне підприємство "" бор - ка """,16,16,16
"комунальне некомерційне підприємство ""сєвєродонецька  міська багатопрофільна лікарня"" сєвєродонецької міської ради",16,16,16
національний університет харчових технологій,16,16,16
пулинська селищна рада,16,16,16
"товариство з обмеженою відповідальністю ""агрон""",16,16,16
"державне підприємство ""вінницьке лісове господарство""",16,16,16
"приватний вищий навчальний заклад ""європейський університет""",16,16,16
"споживче товариство ""агросервіс""",16,16,16
"державне підприємство ""вовчанське лісове господарство""",16,16,16
управління праці та соціального захисту населення косівської районної державної адміністрації,16,16,16
"приватне підприємство ""агрофірма ""славутич""",16,16,16
подільський державний аграрно - технічний університет,16,16,16
"державне підприємство ""центр сертифікації та експертизи насіння і садивного матеріалу""",16,16,16
ринок бережанського рай ст,16,16,16
відділ освіти та культури  ківерцівської районної державної адміністрації волинської області,16,16,16
"комунальне підприємство ""теплоенергетик""",16,16,16
"товариство з обмеженою відповідальністю ""твій хліб""",16,16,16
"державне підприємство ""холминське лісове господарство""",16,16,16
"фермерське господарство  ""фортуна "".",16,16,16
"акціонерне товариство ""оператор газорозподільної системи ""полтавагаз""",16,16,16
"державне підприємство ""цуманське лісове господарство""",16,16,16
"комунальне підприємство ""міський ринок""",16,16,16
"концерн ""міські теплові мережі""",16,16,16
"приватне акціонерне товариство ""шахта "" надія""",16,16,16
"комунальне некомерційне підприємство ізмаїльської міської ради "" ізмаїльська міська центральна лікарня""",16,16,16
"державне підприємство ""новгород-сіверське лісове господарство""",16,16,16
національний транспортний університет,16,16,16
"національний університет ""запорізька політехніка""",16,16,16
"відділ культури, туризму та охорони культурної спадщини виконавчого комітету ходорівської міської ради",16,16,16
"підприємство ""помічнянський ринок"" добровеличківського райспоживтовариства",16,16,16
"сектор культури, національностей та релігії яготинської районної державної адміністрації",16,16,16
"державне підприємство ""корюківське лісове господарство""",16,16,16
бобровицька міська рада бобровицького району чернігівської області,16,16,16
"комунальне некомерційне підприємство ""запорізький регіональний фтизіопульмонологічний клінічний лікувально-діагностичний центр"" запорізької обласної ради",16,16,16
"селянське ( фермерське ) господарство "" володимир""",16,16,16
іванівська сільська рада,16,16,16
"товариство з обмеженою відповідальністю ""вега"" ( тзов ""вега"" ) ринок",16,16,16
національний університет водного господарства та природокористування,16,16,16
"фермерське господарство "" обрій """,16,16,16
"дочірнє підприємство ""сумський облавтодор"" відкритого акціонерного товариства ""державна акціонерна компанія ""автомобільні дороги україни""",16,16,16
"приватне акціонерне  товариство ""екопрод""",15,15,15
"комунальне підприємство ""житлове ремонтно-експлуатаційне управління""",15,15,15
"прат ""київстар""",15,15,15
відділ культури і туризму сновської міської ради сновського району чернігівської області,15,15,15
"комунальне підприємство ""міський ринок м.українка""",15,15,15
"агропродовольчий ринок ""аврора"" пп ""бахор""",15,15,15
"державне підприємство ""чернігівське лісове господарство""",15,15,15
"державне підприємство ""рахівське лісове дослідне господарство""",15,15,15
"комунальне підприємство  ""згурівський селищний ринок""",15,15,15
"приватне підприємство ""рось""",15,15,15
"приватне акціонерне товариство ""агропромислова компанія""",15,15,15
"товариство з додатковою відповідальністю ""шахта ""білозерська""",15,15,15
"комунальний заклад ""кодимський районний будинок культури ім.т.г.шевченка""",15,15,15
"відділ культури, молоді та спорту снігурівської міської ради",15,15,15
"товариство з обмеженою відповідальністю ""емк ""сівер""",15,15,15
котелевське районне споживче товариство,15,15,15
"відділ культури, молоді та спорту міжгірської районної державної адміністрації",15,15,15
"товариство з обмеженою відповідальністю ""цетехно""",15,15,15
"державне підприємство ""куп'янське лісове господарство""",15,15,15
"державне підприємство ""волиньвугілля""",15,15,15
"державне підприємство  ""морський торговельний порт ""чорноморськ""",15,15,15
"державне підприємство ""вищедубечанське лісове господарство""",15,15,15
"товариство з обмеженою відповідальністю ""сбс""",15,15,15
агропродринок  лучеськ,15,15,15
"державне підприємство ""зміївське лісове господарство""",15,15,15
"комунальне підприємство ""одесміськелектротранс""",15,15,15
"товариство з обмеженою відповідальністю ""білоцерківець""",15,15,15
"товариство з обмеженою відповідальністю ""вишневий ринок""",15,15,15
"споживче товариство ""даринок""",15,15,15
"сільськогосподарське товариство з обмеженою відповідальністю ""вікторія""",15,15,15
"""селянське /фермерське/ господарство ""людмила""",15,15,15
тарасівська сільська рада,15,15,15
"сільськогосподарське товариство з обмеженою відповідальністю ""дніпро""",15,15,15
"фермерське господарство  ""деметра""",15,15,15
"фермерське господарство ""урожай""",15,15,15
національна металургійна академія україни,15,15,15
"сільськогосподарське товариство з обмеженою відповідальністю ""ім.ватутіна""",15,15,15
"вищий навчальний заклад ""відкритий міжнародний університет розвитку людини ""україна""",15,15,15
"акціонерне товариство ""оператор газорозподільної системи ""житомиргаз""",15,15,15
"сільськогосподарський виробничий кооператив ""перемога""",15,15,15
"дочірнє підприємство ""завод обважнених бурильних та ведучих труб""",15,15,15
"товариство з обмеженою відповідальністю ""агрофірма ""світанок""",15,15,15
харківський обласний центр зайнятості,15,15,15
"акціонерне товариство ""оператор газорозподільної системи ""київоблгаз""",15,15,15
"селянське (фермерське) господарство  ""оберіг""",15,15,15
"товариство з обмеженою відповідальністю ""м.б.к. - інвест""",15,15,15
"сектор культури, молоді та спорту сквирської районної державної адміністрації",15,15,15
"фермерське господарство ""нектар""",15,15,15
"акціонерне товариство ""харківобленерго""",15,15,15
"селянське (фермерське) господарство ""оріон""",15,15,15
"приватне акціонерне товариство ""центральний гірничо-збагачувальний комбінат""",15,15,15
"сільськогосподарське товариство з обмеженою відповідальністю ""ім.шевченка""",15,15,15
"""селянське (фермерське) господарство ""ольга""",15,15,15
київський національний університет культури і мистецтв,14,14,14
"товариство з обмеженою відповідальністю ""брсм-нафта""",14,14,14
сновська міська рада сновського району чернігівської області,14,14,14
"товариство з обмеженою відповідальністю ""інфокс""",14,14,14
управління освіти чернігівської міської ради,14,14,14
"тов ""аркада-житлосервіс""",14,14,14
"фермерське господарство ""добробут""",14,14,14
уманський національний університет садівництва,14,14,14
"приватне підприємство ""влад-герц""",14,14,14
березовобалківська  загальноосвітня школа i- iii  ступенів ім.т.г.шевченка (опорний навчальний заклад) вільшанської районної ради кіровоградської області,14,14,14
"державне підприємство ""макарівське лісове господарство""",14,14,14
"кооперативне підприємство ""ринок"" бучацького районного споживчого товариства",14,14,14
"товариство з обмеженою відповідальністю ""торговий дім ""аванта""",14,14,14
"пп ""ринкові технології""",14,14,14
"селянське (фермерське) господарство ""славутич""",14,14,14
"спільне українсько-великобританське товариство з обмеженою відповідальністю ""нива переяславщини""",14,14,14
ушомирська сільська рада,14,14,14
"сільськогосподарський виробничий кооператив "" росія """,14,14,14
"сільськогосподарський виробничий кооператив "" батьківщина """,14,14,14
"товариство з обмеженою відповідальністю ""авангард""",14,14,14
управління  соціального захисту населення іваничівської районної державної адміністрації,14,14,14
"державне підприємство ""фастівське лісове господарство """,14,14,14
"національний університет ""одеська юридична академія""",14,14,14
горохівська сільська рада,14,14,14
"акціонерне товариство ""херсонгаз""",14,14,14
"акціонерне товариство ""харківське підприємство автобусних станцій""",14,14,14
"комунальне підприємство виконавчого органу київради  (київської міської державної адміністрації) ""київтеплоенерго""",14,14,14
"дочірнє підприємство ""самшит""",14,14,14
"комунальне некомерційне підприємство ""обласний центр екстреної медичної допомоги та медицини катастроф""",14,14,14
михайлівська сільська рада,14,14,14
григорівська сільська рада,14,14,14
"приватне підприємство ""любисток - рава-руська"" ( пп ""любисток - рава-руська"" )-ринок",14,14,14
"козинське комунальне підприємство ""козинський ринок""",14,14,14
"комунальне підприємство ""керуюча компанія з обслуговування житлового фонду дніпровського району м.києва""",14,14,14
"товариство з обмеженою відповідальністю ""агрофірма "" маяк """,14,14,14
"приватне акціонерне товариство ""київ-дніпровське міжгалузеве підприємство промислового залізничного транспорту""",14,14,14
"державне підприємство "" борзнянське лісове господарство """,14,14,14
критий ринок кагарлицького районного споживчого товариства,14,14,14
"товариство з обмеженою відповідальністю ""шахтобудівельна компанія""",14,14,14
чорноморський національний університет імені петра могили,14,14,14
"акціонерне товариство ""миколаївобленерго""",14,14,14
чернігівський національний технологічний університет,14,14,14
"акціонерне товариство ""оператор газорозподільної системи  ""львівгаз""",14,14,14
"відділ освіти, молоді, спорту, культури та туризму демидівської районної державної адміністрації",14,14,14
"приватне сільськогосподарське підприємство "" надія""",14,14,14
"приватне акціонерне товариство "" тепличний комбінат""",13,13,13
"дочірнє підприємство ""ілліч-агро донбас"" публічного акціонерного товариства ""маріупольський металургійний комбінат імені ілліча""",13,13,13
"акціонерне товариство ""південний гірничо-збагачувальний комбінат""",13,13,13
"товариство з додатковою відповідальністю ""новоіванівський цукровий завод""",13,13,13
"державне підприємство ""прилуцьке лісове господарство""",13,13,13
"сільськогосподарське товариство з обмеженою відповідальністю ""світоч""",13,13,13
"державне підприємство ""науково - виробниче об’єднання ""павлоградський хімічний завод""",13,13,13
"державний вищий навчальний заклад ""переяслав-хмельницький державний педагогічний університет імені григорія сковороди""",13,13,13
"відділ культури, туризму та організаційно-масової роботи любарської селищної ради",13,13,13
"державний вищий навчальний заклад ""ужгородський національний університет""",13,13,13
"державний заклад ""луганський національний  університет імені тараса шевченка""",13,13,13
волинський обласний центр зайнятості,13,13,13
"державне підприємство ""семенівське лісове господарство""",13,13,13
національний банк україни,13,13,13
"комунальне некомерційне підприємство  ""консультативно-діагностичний центр"" святошинського району м. києва",13,13,13
"фермерське  господарство  ""олімп""",13,13,13
смілянський колгоспний ринок черкаської облспоживспілки,13,13,13
"підприємство споживчої кооперації  ""миронівський  ринок""   київської  регіональної спілки споживчої  кооперації",13,13,13
"приватне акціонерне товариство ""харківський підшипниковий завод""",13,13,13
будинок культури золочівської селищної ради,13,13,13
"товариство з обмеженою відповідальністю ""обухівський ярмарок""",13,13,13
"акціонерне товариство ""альфа-банк""",13,13,13
"державне підприємство ""перечинське лісове господарство""",13,13,13
"товариство з обмеженою відповідальністю ""астра с""",13,13,13
"державне підприємство ""уманське лісове господарство""",13,13,13
"державне підприємство ""тернопільське лісове господарство""",13,13,13
"державне підприємство ""мокрянське лісомисливське господарство""",13,13,13
"приватне акціонерне товариство ""івано-франківськцемент""",13,13,13
черкаський державний технологічний університет,13,13,13
"відділ культури, сім'ї, молоді та спорту городнянської міської ради",13,13,13
"комунальне некомерційне підприємство ""уманська міська лікарня"" уманської міської ради",13,13,13
"приватне сільськогосподарське підприємство ""злагода""",13,13,13
"тов ""ін-тайм""",13,13,13
"приватне акціонерне товариство ""полтавське хлібоприймальне підприємство""",13,13,13
"дочірнє підприємство ""вінницький облавтодор"" відкритого акціонерного товариства ""державна акціонерна компанія ""автомобільні дороги україни""",13,13,13
"державне підприємство ""бердичівське лісове господарство""",13,13,13
"товариство з обмеженою відповідальністю ""агрофірма ""лан""",13,13,13
"державне підприємство "" житомирське лісове господарство""",13,13,13
"полтавське обласне комунальне підприємство ""полтавафарм""",13,13,13
"товариство з обмеженою відповідальністю ""пролісок""",13,13,13
"товариство з обмеженою відповідальністю будівельно монтажна компанія ""софіївська""",13,13,13
"комунальне некомерційне підприємство ""хотинська районна лікарня"" хотинської районної ради",13,13,13
"комунальне некомерційне підприємство луганської обласної ради ""сватівська обласна лікарня з надання психіатричної допомоги""",13,13,13
"комунальне некомерційне підприємство ""центр екстреної медичної допомоги та медицини катастроф"" житомирської обласної ради",13,13,13
"відділ освіти, культури,  молоді та спорту чемеровецької районної державної адміністрації хмельницької області",13,13,13
"приватне акціонерне товариство ""полтавський гірничо-збагачувальний комбінат""",13,13,13
"комунальне підприємство ""керуюча компанія з обслуговування житлового фонду оболонського району м. києва""",13,13,13
"державне підприємство ""білокоровицьке лісове господарство""",13,13,13
"товариство з обмеженою відповідальністю ""агро- ""будсервіс""",13,13,13
"споживче товариство "" луцьккоопторг"" (маневицький ринок)",13,13,13
"""селянське (фермерське) господарство ""руслан""",13,13,13
"ринок ""бережанського районного споживчого товариства""",13,13,13
"товариство з обмеженою відповідальністю ""санбор""",13,13,13
рівненський державний гуманітарний університет,13,13,13
"ринок тов ""зоря-2"" м.курахове",13,13,13
"приватне підприємство ""спортивно-комерційний клуб віталія качановського""",13,13,13
"товариство з обмеженою відповідальністю ""агро-рось""",13,13,13
"мале підприємство ""міський виробничо-торговий центр""",13,13,13
"комунальне підприємство виконавчого комітету лубенської міської ради ""міський ринок""",13,13,13
"приватне підприємство ""маркет - ш-о-в""",13,13,13
"товариство з обмеженою відповідальністю ""уют-2011""",13,13,13
"приватне акціонерне товариство ""рубіжанський картонно-тарний комбінат""",13,13,13
"тов ""теплопостачсервіс""",13,13,13
"тов ""сільпо фуд""",13,13,13
"фермерське господарство "" ольвія """,13,13,13
"комунальне підприємство ""боярське головне виробниче управління житлово-комунального господарства боярської міської ради києво-святошинського району київської області""",13,13,13
"товариство з обмеженою відповідальністю ""стандарт ойл-2000""",13,13,13
"приватне підприємство "" надія """,13,13,13
"виробничий сільськогосподарський кооператив ""україна""",13,13,13
"комунальне підприємство ""селищний ринок""",13,13,13
"комунальне некомерційне підприємство ""чернігівська обласна лікарня"" чернігівської обласної ради",13,13,13
"комунальне некомерційне підприємство ""територіальне медичне об'єднання ""вінницький обласний центр  екстреної медичної допомоги та медицини катастроф вінницької обласної ради""",13,13,13
запорізький національний університет,13,13,13
"товариство з обмеженою відповідальністю ""магазин №201""",13,13,13
"товариство з обмеженою відповідальністю  агрофірма ""нива""",12,12,12
"товариство з обмеженою відповідальністю ""дельта""",12,12,12
івано-франківський національний медичний університет,12,12,12
"акціонерне товариство ""сумське машинобудівне науково-виробниче об'єднання""",12,12,12
"агропродовольчий ринок ""толока""  тов ""апейон""",12,12,12
"товариство з обмеженою відповідальністю фірма ""алекс к лтд""",12,12,12
"акціонерне товариство ""дтек дніпровські електромережі""",12,12,12
управління соціального захисту населення первомайської міської ради,12,12,12
"товариство з обмеженою відповідальністю ""ім шевченка""",12,12,12
шевченківська   сільська рада,12,12,12
"фермерське господарство "" зоря """,12,12,12
"відділ освіти, молоді та спорту рожнятівської районної державної адміністрації",12,12,12
"комунальне підприємство ""комунальне некомерційне підприємство вознесенська багатопрофільна лікарня"" вознесенської міської ради",12,12,12
"споживче товариство ""критий ринок-2""",12,12,12
"дочірнє підприємство "" агрофірма ""шахтар"" орендного підприємства "" шахта ім о ф засядька""",12,12,12
"комунальне підприємство теплових мереж ""криворіжтепломережа""",12,12,12
"товариство з обмеженою відповідальністю ""оптімусагро трейд""",12,12,12
"товариство з обмеженою відповідальністю ""єгаз-рітейл""",12,12,12
"державний вищий навчальний заклад ""національний лісотехнічний університет україни""",12,12,12
"споживче товариство ""універсальний ринок""  м. сміла",12,12,12
"приватне підприємство ""укрпалетсистем""",12,12,12
"товариство з обмеженою відповідальністю ""дивобуд""",12,12,12
"товариство з обмеженою відповідальністю ""підгур'ївське""",12,12,12
"акціонерне товариство ""оператор газорозподільної системи ""закарпатгаз""",12,12,12
"кнп ""рожищенський центр первинної медико-санітарної допомоги""",12,12,12
управління соціального захисту населення калуської районної державної адміністрації,12,12,12
"акціонерне товариство ""оператор газорозподільної системи ""запоріжгаз""",12,12,12
"приватне сільськогосподарське підприємство ""степ""",12,12,12
"приватна агрофірма ""подоляка""",12,12,12
дніпровський державний аграрно-економічний університет,12,12,12
"товариство з обмеженою відповідальністю ""агро комплекс""",12,12,12
бобринецьке районне споживче товариство,12,12,12
"товариство з обмеженою відповідальністю ""злак""",12,12,12
"комунальне підприємство ""дніпроводоканал"" дніпровської міської ради",12,12,12
"товариство з обмеженою відповідальністю ""рассвет""",12,12,12
"товариство з обмеженою відповідальністю "" меркурій""",12,12,12
"приватне підприємство ""будівельна компанія ""будмарс""",12,12,12
"приватне підприємство ""центральний іванківський ринок""",12,12,12
"комунальне  некомерційне підприємство  ""черкаський  обласний  онкологічний  диспансер черкаської обласної ради""",12,12,12
львівський національний аграрний університет,12,12,12
"підприємство споживчої кооперації ""іванківський ринок київської облспоживспілки""",12,12,12
"ринок  тов ""торговий дім ""південний донбас"" м.вугледар",12,12,12
"фермерське господарство  ""еліта""",12,12,12
"товариство з обмеженою відповідальністю ""востокстройгаз""",12,12,12
"товариство з обмеженою відповідальністю ""лозівський ковальсько-механічний завод""",12,12,12
"кп ""марківський ринок""",12,12,12
фоп каленська в.р.,12,12,12
"ринок мпп ""моріон""",12,12,12
"державне підприємство ""хлібна база №85"" державного агентства резерву україни",12,12,12
управління соціального захисту населення шаргородської районної державної адміністрації,12,12,12
"товариство з обмеженою відповідальністю ""лерсен лтд""",12,12,12
відділ культури лугинської районної державної адміністрації,12,12,12
"державне підприємство ""великоберезнянське лісове господарство""",12,12,12
"комунальне некомерційне підприємство ""хмільницька центральна районна лікарня"" хмільницької районної ради",12,12,12
"державне підприємство ""гутянське лісове господарство""",12,12,12
"комунальне некомерційне підприємство ""хмельницький обласний центр екстреної медичної допомоги та медицини катастроф""  хмельницької обласної ради",12,12,12
"тов ""тревел профешнл груп""",12,12,12
"регіональне відділення фонду державного майна україни по харківській, донецькій та луганській областях",12,12,12
"тов ""цетехно""",12,12,12
управління  соціального захисту населення кам'янець-подільської районної державної адміністрації  хмельницької області,12,12,12
"українське державне підприємство по обслуговуванню іноземних та вітчизняних автотранспортних засобів ""укрінтеравтосервіс""",12,12,12
"рубіжнянський казенний хімічний завод ""зоря""",12,12,12
"державне підприємство ""житомирський бронетанковий завод""",12,12,12
"тц ""мир""",12,12,12
"товариство з обмеженою відповідальністю ""маркет рітейл""",12,12,12
томашпільська селищна рада,12,12,12
"комунальне некомерційне підприємство ""лозівське територіальне медичне об’єднання"" лозівської міської ради харківської області",12,12,12
"комунальне некомерційне підприємство ""центр первинної медико-санітарної допомоги"" роменської районної ради сумської області",12,12,12
"селянське (фермерське) господарство "" росток """,12,12,12
"селянське (фермерське)  господарство ""калина""",12,12,12
"селянське (фермерське) господарство ""родина""",12,12,12
"приватне акціонерне товариство ""укргідроенерго""",12,12,12
"сільськогосподарське товариство з обмеженою відповідальністю ""хлібороб""",12,12,12
національний університет кораблебудування імені адмірала макарова,12,12,12
"сектор культури, молоді, національностей та релігій макарівської районної державної адміністрації",12,12,12
"дочірнє підприємство ""запорізький облавтодор"" відкритого акціонерного товариства ""державна акціонерна компанія ""автомобільні дороги україни""",12,12,12
"товариство з обмеженою відповідальністю ""незалежна лабораторія інвітро""",12,12,12
"виробничий сільськогосподарський кооператив ""нива""",12,12,12
"комунальне некомерційне підприємство ""мукачівська центральна районна лікарня""",12,12,12
таврійський державний агротехнологічний університет імені дмитра моторного,12,12,12
"приватне акціонерне товариство ""полонське підприємство""агрохім""",12,12,12
"дочірнє підприємство ""івано-франківський облавтодор"" відкритого акціонерного товариства ""державна акціонерна компанія ""автомобільні дороги україни""",12,12,12
"державне підприємство ""красилівський агрегатний завод""",12,12,12
"відділ культури, національностей та релігій бородянської районної державної адміністрації",12,12,12
"державне підприємство ""переяслав-хмельницьке лісове господарство""",12,12,12
ніжинський державний університет імені миколи гоголя,12,12,12
"приватне акціонерне товариство ""акціонерна компанія ""київводоканал""",12,12,12
"державне підприємство ""науково-виробничий комплекс газотурбобудування ""зоря"" - ""машпроект""",12,12,12
"комунальне підприємство ""вінницяоблводоканал""",12,12,12
"державне підприємство ""полтавське лісове господарство""",12,12,12
"відділ культури, молоді і спорту володарської районної державної адміністрації",12,12,12
"підприємство споживчої кооперації ""ржищівський ринок київської облспоживспілки""",12,12,12
"державне підприємство ""звенигородське лісове господарство""",12,12,12
"державне підприємство ""остерське лісове господарство""",12,12,12
"приватне акціонерне товариство  ""запоріжкокс""",11,11,11
"державне підприємство ""соснівське лісове господарство""",11,11,11
харківський національний педагогічний університет імені г.с.сковороди,11,11,11
управління соціального захисту населення дубровицької районної державної адміністрації,11,11,11
приватне сільськогосподарське підприємство імені горького,11,11,11
"державне підприємство ""спеціалізоване лісогосподарське підприємство ""київоблагроліс""",11,11,11
"комунальне некомерційне підприємство ""черкаська обласна лікарня черкаської обласної ради""",11,11,11
"товариство з обмеженою відповідальністю ""агрофірма ""ольвія""",11,11,11
"сільськогосподарський виробничий кооператив ""лабунський""",11,11,11
"товариство з обмеженою відповідальністю ""агрофірма вікторія""",11,11,11
"""здвиж""",11,11,11
брониківська сільська рада,11,11,11
"товариство з обмеженою відповідальністю ""октан о""",11,11,11
луцький національний технічний університет,11,11,11
"приватне акціонерне товариство ""підприємство з іноземними інвестиціями "" інтервибухпром """,11,11,11
"комунальне некомерційне підприємство ""канівська центральна районна лікарня"" канівської районної ради",11,11,11
"комунальне некомерційне підприємство ""ярмолинецький районний центр первинної медико-санітарної допомоги"" ярмолинецької районної ради хмельницької області",11,11,11
"товариство з обмеженою відповідальністю ""хмельницьктранс""",11,11,11
"підприємство новосанжарського районного споживчого товариства ""центральний ринок""",11,11,11
"державне підприємство ""поліське лісове господарство""",11,11,11
рівненський обласний центр зайнятості,11,11,11
"фермерське господарство ""божнюкове""",11,11,11
дружківська загальноосвітня школа i-iii ступенів № 17 дружківської міської ради донецької області,11,11,11
"товариство з обмеженою відповідальністю ""луцька аграрна компанія""",11,11,11
"товариство з обмеженою відповідальністю ""агрофірма ""колос""",11,11,11
"""приватне сільськогосподарське підприємство ""вікторія""",11,11,11
"товариство з обмеженою відповідальністю ""гулянецький щебзавод""",11,11,11
"селянське (фермерське) господарство ""влад""",11,11,11
"сільськогосподарське товариство з обмеженою відповідальністю "" нове життя """,11,11,11
"приватне сільськогосподарське підприємство ""зоря""",11,11,11
"комунальне некомерційне підприємство ""малинська міська лікарня"" малинської міської ради",11,11,11
"волинська спілка споживчих товариств агропродовольчий ринок ""центральний ринок""",11,11,11
"сільськогосподарське товариство з обмеженою відповідальністю ""агросвіт""",11,11,11
"сільськогосподарське  приватне  акціонерне  товариство  "" україна """,11,11,11
"товариство з обмеженою відповідальністю  ""чиста криниця""",11,11,11
"лисичанське комунальне спеціалізоване підприємство по видобутку, обробці, реалізації води та очищенню стоків ""лисичанськводоканал""",11,11,11
"приватне сільськогосподарське підприємство ""перемога""",11,11,11
"товариство з обмеженою відповідальністю ""руш""",11,11,11
"сільськогосподарське товариство з обмеженою відповідальністю ""говтва""",11,11,11
"товариство з обмеженою відповідальністю ""науково-виробниче підприємство ""зоря""",11,11,11
торговицьке навчально-виховне об'єднання новоархангельської районної ради кіровоградської області,11,11,11
гришковецька селищна рада,11,11,11
"акціонерне товариство ""оператор газорозподільної системи ""вінницягаз""",11,11,11
"споживче товариство ""волинькоопторг""",11,11,11
"комунальне некомерційне підприємство фастівської районної ради ""фастівська центральна районна лікарня""",11,11,11
"сільськогосподарське товариство з обмеженою відповідальністю ""мир""",11,11,11
"селянське (фермерське) господарство ""агродар""",11,11,11
"селянське (фермерське) господарство "" янтар """,11,11,11
"комунальне некомерційне підприємство ""новобузька центральна районна лікарня"" новобузької районної ради миколаївської області",11,11,11
"селянське (фермерське) господарство "" ранок """,11,11,11
"фермерське господарство ""олександрівське""",11,11,11
"державне підприємство ""торецьквугілля""",11,11,11
"сільськогосподарське товариство з обмеженою відповідальністю ""степове""",11,11,11
підприємство сумської облспоживспілки кролевецький ринок,11,11,11
"опорний заклад загальної середньої освіти ""торчинський ліцей торчинської селищної ради""",11,11,11
казанківська селищна рада,11,11,11
"приватне підприємство ""іван""",11,11,11
"товариство з обмеженою відповідальністю "" агротехніка """,11,11,11
"товариство з обмеженою відповідальністю ""шахта 1-3 ""новогродівська""",11,11,11
"товариство з обмеженою відповідальністю ""кромберг енд шуберт україна жу""",11,11,11
"споживче товариство ""волинькоопторг"" (колківський ринок)",11,11,11
"комунальне некомерційне підприємство бердянської міської ради ""бердянське територіальне медичне об'єднання""",11,11,11
"приватне акціонерне товариство ""запорізький абразивний комбінат""",11,11,11
"державне підприємство  ""міжгірське лісове господарство""",11,11,11
"приватне акціонерне товариство ""завод металоконструкцій укрсталь запоріжжя""",11,11,11
відділ культури та туризму коростишівської міської ради,11,11,11
"державне підприємство "" чортківське лісове господарство """,11,11,11
уманський державний педагогічний університет імені павла тичини,11,11,11
уманський колгоспний ринок черкаської облспоживспілки,11,11,11
"публічне акціонерне товариство ""центренерго""",11,11,11
"спільне підприємство ""полтавська газонафтова компанія""",11,11,11
"тов ""ол-сервіс груп""",11,11,11
"державне підприємство ""коростишівське лісове господарство""",11,11,11
центральний ринок літинського районного споживчого товариства,11,11,11
"товариство з обмеженою відповідальністю ""чернігівгаз збут""",11,11,11
відділ культури і туризму близнюківської районної державної адміністрації,11,11,11
олексіївська сільська рада,11,11,11
"приватне підприємство ""обслуговуюча компанія ""наш дім""",11,11,11
відділ культури і туризму коропської селищної ради,11,11,11
"комунальне некомерційне підприємство""станично-луганське районне територіальне медичне об'єднання""",11,11,11
управління   соціального захисту населення звенигородської районної державної адміністрації черкаської області,11,11,11
"командитне товариство ""рівне-пас""",11,11,11
"тов ""технофайнд""",11,11,11
кам'янська сільська рада,11,11,11
"комунальне некомерційне підприємство ""броварська багатопрофільна клінічна лікарня"" броварської районної ради київської області та броварської міської ради київської області",11,11,11
"комунальне некомерційне підприємство ""бродівська центральна районна лікарня бродівської районної ради львівської області""",11,11,11
ленковецька сільська рада,11,11,11
"підприємство ""гадяцький ринок"" гадяцької райспоживспілки.",11,11,11
"товариство з обмеженою відповідальністю "" хвиля""",11,11,11
"товариство з обмеженою відповідальністю ""імпульс""",11,11,11
"товариство з обмеженою відповідальністю ""санітас-д""",11,11,11
"публічне акціонерне товариство ""запоріжжяобленерго""",11,11,11
"товариство з обмеженою відповідальністю ""метінвест - криворізький ремонтно-механічний завод""",11,11,11
"дочірнє підприємство ""харківський облавтодор"" відкритого акціонерного товариства ""державна акціонерна компанія ""автомобільні дороги україни""",11,11,11
"комунальне підприємство ""коломийський центральний продовольчий ринок""",11,11,11
"приватне акціонерне товариство ""нафтогазвидобування""",11,11,11
"опорний комунальний навчальний заклад ""софіївська загальноосвітня школа і-ііі ступенів"" криворізької районної ради дніпропетровської області",11,11,11
департамент освіти і науки запорізької міської ради,11,11,11
департамент соціальної політики вінницької міської ради,11,11,11
київський національний університет технологій та дизайну,11,11,11
"комунальне некомерційне підприємство ""міська лікарня екстреної т а швидкої медичної допомоги"" запорізької міської ради",11,11,11
"товариство з обмеженою відповідальністю ""агроком""",11,11,11
"товариство з обмеженою відповідальністю ""вф ритейл""",11,11,11
"комунальне підприємство ""рівненська обласна дитяча лікарня"" рівненської обласної ради",11,11,11
"комунальне підприємство ""рубіжанське виробниче управління водопровідно-каналізаційного господарства"" рубіжанської міської ради",11,11,11
"фермерське господарство ""володимир""",11,11,11
"товариство з обмеженою відповідальністю ""компанія з обслуговування газових мереж та теплопостачання""",11,11,11
радехівська міська рада  львівської області,11,11,11
"приватне акціонерне товариство ""апк-інвест""",11,11,11
"""горохівський ринок"" волинської обласної спілки споживчих товариств",11,11,11
"державне підприємство ""мукачівське лісове господарство""",11,11,11
"товариство з обмеженою відповідальністю ""золотий коровай""",11,11,11
"закрите акціонерне товариство ""житомирські ласощі""",11,11,11
"товариство з обмеженою відповідальністю ""оберіг - лтд""",11,11,11
"комунальне підприємство вінницької міської ради ""вінницяміськтеплоенерго""",11,11,11
"товариство з обмеженою відповідальністю ""еліта""",11,11,11
"товариство з обмеженою відповідальністю ""церсаніт інвест""",11,11,11
"комунальний заклад ""олександрівське навчально-виховне об'єднання №2"" олександрівської районної ради кіровоградської області",11,11,11
"товариство з обмеженою відповідальністю ""агро перемога""",11,11,11
"державне підприємство ""хустське лісове дослідне господарство""",11,11,11
"комунальне некомерційне підприємство ""радивилівська районна лікарня"" радивилівської районної ради рівненської області",11,11,11
івано-франківський національний технічний університет нафти і газу,11,11,11
одеський національний медичний університет,11,11,11
вінницький національний аграрний університет,11,11,11
колгоспний ринок хмільницької райспоживспілки,11,11,11
"товариство з обмеженою відповідальністю ""торговий дім ""сан ойл""",11,11,11
"приватне сільськогосподарське підприємство ""добробут""",11,11,11
"товариство з обмеженою відповідальністю ""катран""",11,11,11
луганський національний аграрний університет,11,11,11
вінницький обласний центр зайнятості,11,11,11
"дочірнє підприємство ""клінічний санаторій ""курорт березівські мінеральні води"" приватного акціонерного товариства лікувально-оздоровчих закладів профспілок україни ""укрпрофоздоровниця""",11,11,11
міністерство оборони україни,11,11,11
"товариство з обмеженою відповідальністю ""карпати""",11,11,11
